{"cameraMode":{"drawMode":0,"name":"Shaded","section":"Shading Mode"},"sceneLighting":true,"audioPlay":false,"sceneViewState":{"m_AlwaysRefresh":false,"showFog":true,"showSkybox":true,"showFlares":true,"showImageEffects":true,"showParticleSystems":true,"showVisualEffectGraphs":true,"m_FxEnabled":true},"in2DMode":false,"pivot":{"x":305.6033020019531,"y":8.016071319580079,"z":-813.1756591796875},"rotation":{"x":-0.1083526462316513,"y":0.10597207397222519,"z":0.011619956232607365,"w":0.9883854389190674},"size":12.691192626953125,"orthographic":false}